{
    "Player": {
        "Test Vector3": [
            2.799999952316284,
            2.0,
            3.0
        ],
        "Test float": 64.58300018310547,
        "Test int": 72
    }
}
