WAIT,60,,
POP,2.611995,2.528093,-51.116589,0
