WAIT,120,,
POP,16.711994,30.995001,51.083000,0
WAIT,60,,
POP,12.212003,31.494772,84.383003,0
WAIT,120,,
POP,21.595791,34.561420,91.576767,1
