WAIT,60,,
POP,2.611995,2.528093,-37.317001,0
WAIT,60,,
POP,2.611995,5.928000,-36.716999,0
WAIT,60,,
POP,0.649000,7.915000,8.339000,0
WAIT,120,,
POP,7.100000,6.418000,77.003998,0
