WAIT,60,,
POP,0.000000,10.000000,150.000000,0
WAIT,60,,
POP,-5.000000,5.000000,200.000000,0
POP,5.000000,5.000000,200.000000,0
WAIT,120,,
POP,0.000000,-5.000000,250.000000,0
POP,0.000000,10.000000,250.000000,0
